comment_clean,cluster
slow bang fokus perut seragam coklat,4
panduabpr ngehack sistem judul menang anggap illegal access,4
cyberpolice nangkap bjorka nangkap bandar judol mudah telusur alas fokus blokir puluh ribu situs web periksa rekening situs kocak,5
bjorka alas genosida,5
durray baca alkitab orthodox kitab hidup wahyu tengah,4
dasar nya metodologi common sense praktisi basic people process technology googling lengkap implementasi system pengaruh people canggih teknologi ketat process nya faktor people nya mumpuni back basic common sense implementasi faktor process technology nya kuat imbang,4
tangkep akun fake bjorka,5
isriwil jabat kutik alas diri apple suka surat,4
not own what produceit owns,4
ahli alas polisi anak otodidak bego wajar orang percaya polisi sandiwara,1
buatin live polisi rank cyber jawara jago perintah anak anak kampus,0
anak ajar baca siklus internet game cupu cari bobol game hack cheat,4
komunikasi game aman,4
trik simpel chat rahasia pakai fitur chat game dukung,4
bener main game suka pake cheat tengelam cheat cuman bikin flashdis killer karna rusak,4
polisi random nangkep orang salah tangkap mulu heran polisi bilang nangkep byorca ngakak parah trust issue gua gede polisi konoha,0
ngobrol game server room siti one chttan,4
fake random system,4
temen modal root pake king root trus script google hack akun modal sandi random situ keditek email nomor pake sandi random script gaya doang pas cek anjir bener cok cek bener aktif anjir,4
rekrutmen polisi minimal,3
lulus sekolah gwa komunitas cyber army nyari data desa data duduk mudah connect internet data database record hystory kadang aneh polisi polisi kerja ahok rocky gerung polisi minimal tolol anak putus sekolah,1
numpang komen mampu pusat bang arah nasionalism perhati gov btw bjorkan doi sebenernya cuman ter center data mudah bocor example data disdukcapil partial data contoh profesi contoh isilop tinggal partialing job data olah olah,4
bayangin bjorka geli malu liat isilop swodoh lawan minimal imbang,3
sip bro pimpin mimpin orang mental bawahanya ikuttapi mimpi integritas jujur adil bawah tdak kurang,1
mesti institusi polisi polisi polisi tni pisah polisi reguler satu kantor bikin mandiri lapor langsung pusat daerah koordinasi tugas awas tangkap tangan oknum polisi langgar hukum karirnya beda polisi masuk pensiun mutasi satu benar penting enak satu beda tingkat daerah bnn pimpin tingkat bintang propam kantor nyatu mutasi satu tingkat polres pangkat kasat provos mentok iptuakp tingkat perwira segan mesti tingkat polres pangkat kompol awas perwira satu penjahatpengusaha lobi polisi reguler satu modal minimal ketar tir bikin lembaga independen isi ahli hukum integritas tugas bpk audit tugas polisi propinsi lapor kapolri langsung presiden mumpung reformasi polisi,2
ajar hacking game iseng penasaran sistem jalan pure otodidak digging internet modal vpn,4
bahas white hat black hat masuk konotasi fleksibel gantung ilmu linguistik konotasi positif langsing ramping konotasi netral kurus konotasi negatif kerempeng white hat black hat red hat pentester penetration testing berat pemrogram tingkat berat per tas berat operator bagus entry lvljajalminimum,4
glosarium white black red hats,4
kaumrebahanmerapat komenmu liat bawa jokowi dividio vidio lohh btw komentar dapet,3
kepalabapakkau buzzer muncul kaya tuan,4
halaah sok tau,4
bener ngalamin lari pagi mobil polisi mberhentiin salah tau suruh motoin doang,3
bener patroli rutin cegah jahat lha cegah kagak warga nangkep maling dibebasin,4
bjorka level dewa bandar judol mata tangkap,5
liat polisi poto doang perut buncit,3
polri raport nya metah bingit,4
cermin mayoritas rakyat indonesia wkwkwkkw,4
gara bikin akun nama bjorka polisi tuduh bjorka asli gua ketawa terang,5
bjorka baca sen ahli buka busuk jahat negeri cara bukti nasionalisme republik indonesia,0
orang benarbenar cerdas lemah masyarakat indonesia religius mudah kelompok orang masuk ranah sensitif otomatis aman konten youtube netizent indonesia gandrung cannel orang orang jalur mayoritas salut cerdas,1
nemu polisi lingkung jujur kerja males,1
fakta negara hukum tugas hukum,6
suka kak patroli malem nyamperin kang miras kang parkir tmpat karoke club malem bar trus salam,4
pelan pelan bang,4
posisi gonjang ganjing,4
kam masyarakat kerja cuman lapang pagi doank parah bed,1
hacker lapang males patroli malam pagi foto empat foto gerak duit alam lapor hilang kertas doang tindak gilir bikin ivent amplop bantuin usaha tkp karna karyawan libat selisih buka musti urus terang juta ijin usaha oknum karna pas kantor kantor oknum ubah karna watak berita viral oknum tangkap ujung nya jaga temen senasip narapidana,2
perintah bjorka tangkap bjorka typing,5
indonesia kurang orang pinter kurang orang jujur orang indonesia jujur indonesia negara maju,1
bjorka hebat mata rakyat indonesia cari publikasi data jabat korup bukti korupsi basmi korupsi negara,5
inget milu partai gambar ganti buahbuahan perintah tangkap kriminal swasta negeri rekrut teknisi profesional laku admin salah warnet jogja cmiiw,0
rakyat pinter pake primitif bjorka ketawa pojok noh,5
ahh indonesia kerja polisi masyarakat elus dada ujung tertawa bahak bahak dagel,1
baik manusia manfaat orang buruk manusia polisi indonesia,1
bjorka hibur cerdas masyarakat,5
tajam teguh prestasi butuh prestasi,4
ajar nyari karyawan sogok keluarga mampu umur didik agama ras gender,4
indonesia kurang orang pintar kurang orang jujur,1
ketawa gurulih tertawa instansi mabes polri,4
inget ter ris imam samudra anak muda ajar teknologi cari duit kaya isilop isilop kerja dapet kuasa teknologi gaji gaji isilop,1
polisi gitu oknum,3
makan gaji buta doang kerja,1
gilir pke helm pas tikung bae nyegat nilang,3
hujan terang fakta,6
tilang dimintain uang hebat pungli besarbesaran ramai kantor polresta pangkal pinang bangka belitung kantor loh luar korban orang hitung orang polisi libat bnyak orang oknum polisi nya polresta pangkal pinang provinsi pulau bangka belitung,1
bang pelan pelan fakta terang,6
rill tsunami fakta bendung,6
bener awas bang takut tukang nasi goreng rumah bawa beceng,4
priitt tunjuk sim stnk salah fakta,0
hilang kendaran kaga tindak bertahuntahun ujung ikhlas males lapor,2
tangkep orang rugi bandar judol,5
hilang hong kong hilang dopet uang ktp hong kong atm lapor polisi hong kong kertas lapor hilang ktp atm bikin ktp atm polisi cari tas hilang tinggal hilang bodoh,2
lapor polisi adik hilang thn fakta nya polisi uang nyari,2
bikin surat hilang motor suruh bayar puter tindak lanjut paro harga motor,2
nangkap maling lapor polisi suruh lepasin maling nya isilop maling lepas hancur negri,2
liat polisi pas pagi potodoang perepat lngsung pulanh,3
bener reformasi polisi,3
keluarga peras polisi kerjasama oknum jabat lurah nuntut salah laku,0
lapor ilang motor proses ilang mobil,2
motor hilang temu ngambil palak kanit reskrim ank buah mnta duit rokok parah wes,2
bener nganter anak sekolah nya ngebantu nyebrangin anak anak sekolah asyik foto foto lapor liat kerja sebrangi anak,1
orang tuju institusi polisi tni kapolri kapolrian,1
gua bang kena begal syukur diapaapain cumn ambil doang motor nya anggota nya ngomong begal kaga saksi,4
bner fto ngajak orang nongkrong poko citra,1
realeated kota kaya,4
fakta polisi gitu gausah oknum muak,6
gilak penah fakta terang,6
elah pake skenario sandiwara contoh grebek cafe tilang tilang maling teriak maling tawur polisi olah kerja parah nyuruh orang ngedarin narkoba dampak tangkep orang penasaran narkoba,1
komen sesuai fakta,6
bro gitu mkdal bro,4
anak smp suruh motoin pagi,3
foto empat ngopi daerah,4
anjirr suruh motoin,4
nyata swperti cari kambing hitam,4
foto bntr dokumen kirim grup polisi,3
bantu mabes mas mas bawah ikat yaah system,4
gua tuju gua pling mles nmnya isi lop,4
bener sekalikalau pagi jaga lintas pegawai busway,3
diomongin baca yaa,4
ban nyata hmm syulit,4
fakta terang terang cahaya ilahi,6
mending nangjap bjorka,5
abis foto kirim atas lapor abis ngopi liat pagi,3
bobrok institusi bayar gaji masyarakat,4
cocok makan gaji rakyat manfaat rakyat,4
kantor polisi rumah temen maling tas dompet hilang surat temen bilang lapor surat hilang blablabla polisi blablabla temen administrasi polisi temen maturnuwun and langkah jalan panggil pakpol pakpol mas mas pernae rokoke permene gila administrasi pas tiba ngasih kode uang jajan orang kena musibah maling lawak,2
ngoten gercep bang,4
polisi jujur hoegeng polisi tidur,3
dih ngomong suka bener,4
temen kena narkobs ketangkep tiba bsoknya rumah iseng nebus surat lapor sbelum layang jaksa njiir gilaak bener mahfud urus hukum pintu utama polisi,2
patroli malam liat polisi patroli malam henti depan karaoke mobil orang hampir bawan rokok,3
bener bobrok oknum bejibun,4
pingin masuk gua hacker akses,4
masukksana bayar heran jdinya bgini,4
preman bikin susah dunia usaha,4
pengelihtan gua karna kbiasaan enak mngkin sim byar pajek susah situ masyrakat nembak bikin cpt mudah situ enak kbiasaan bhkan bukan sepele,4
alami parah bro nabrak orang sampae patah tulang tanggungjawab korban biaya tanggungjawab laka lantas jasa raharja jasa raharja saran kakak korban jasa raharja biaya tuju urus jasa raharja surat polsekpolres syarat jasa raharja cair dana urus surat polrespolsek bilang paro polsekpolres arti urus selesai singkat dana jasa raharja turun polsek bawa amplop isi uang ribu dana korban obat dana sekian silah tinggal polsek urus obat korban alam hati urus jasa raharja pandai rugi,2
bener bangett cuyy,4
abang ngomong suka bener,4
ariesbast balikin modal ngejar visi misi oknum,4
gua cuman gua polisi foto empat foto foto empat tinggal,3
patroli cafe tuak,4
jir fakta wkwkwkwkwk,6
malem pergi bri atm orang parcok foto pintu masuk bank salah nya fotoin gataunya satu adl tetangga kya cengok sampe ktmu shalat jamaah kya hindar gtu hehehe,1
ariesbast masuk suap anggap profesi abdi bisnis,4
bobyenugraha jirr kaya instansi perintah lurah ketua dpc ormas tukang palak lapak camat isi dominan keluarga,0
oknum cendrung baik teman teman,4
fakta suami sya kerja satpam polisi dteng bwa mobil fto kabur,1
jokonarimo dsini brrti,4
senin kamis kota foto foto,4
boom empat kadang nyuruh kang ojek fotoin,4
rekrutmen pungli bayar lolos sampek kiamat kerja sesuai job desk nya temen sampe ngandelin gaji nutup uang,2
asa tender cyber security,4
banjir faktaa boss,4
komen kog suka bener,4
fakta ngak maju kantor sabtu libur,6
hahahahah selfi dlu abis cabut,4
tau keluarga sanak saudara daftar polisi benci rekrutmen daftar ribu dikit butuh polisi,3
fakta kampung gitu pas rajia lalulintas bikin rugi masyarakat ayom nya,3
gausah jauh bang bikin sim calo calo polisi sndiri,4
empat polwannya make tebal glowing glowing pagi empat,3
kerja idam idam orang calon mertua,1
bayar bayar habis tanah habis sawah habis,4
warga suruh ronda,4
ortu lapor hilang gas maling ketangkep kak ortu lapor suruh bayar lapor gila lepas maling,2
hilang motor sepupu lapor polisi gubris maling motor informasi lacak alhamdulilah ketemu berkat tunjuk hilang nya daerah ambil kelompok hilang nya daerah kelompok ambil,2
fakta pernh ngalamin busuk ladusing,6
taat patung polisi polisi tidur,3
coklat adab sok etika,4
turis asing lapor damkar hilang,2
